{
  "heading": "Sample Document",
  "headingLevel": 4,
  "body": "```json\n{\n  \"account_id\": 794875,\n  \"transaction_count\": 6,\n  \"bucket_start_date\": {\"$date\": 693792000000},\n  \"bucket_end_date\": {\"$date\": 1473120000000},\n  \"transactions\": [\n    {\n      \"date\": {\"$date\": 1325030400000},\n      \"amount\": 1197,\n      \"transaction_code\": \"buy\",\n      \"symbol\": \"nvda\",\n      \"price\": \"12.7330024299341033611199236474931240081787109375\",\n      \"total\": \"15241.40390863112172326054861\"\n    },\n    {\n       \"date\": {\"$date\": 1465776000000},\n       \"amount\": 8797,\n       \"transaction_code\": \"buy\",\n       \"symbol\": \"nvda\",\n       \"price\": \"46.53873172406391489630550495348870754241943359375\",\n       \"total\": \"409401.2229765902593427995271\"\n    },\n    {\n       \"date\": {\"$date\": 1472601600000},\n       \"amount\": 6146,\n       \"transaction_code\": \"sell\",\n       \"symbol\": \"ebay\",\n       \"price\": \"32.11600884852845894101847079582512378692626953125\",\n       \"total\": \"197384.9903830559086514995215\"\n    },\n    {\n       \"date\": {\"$date\": 1101081600000},\n       \"amount\": 253,\n       \"transaction_code\": \"buy\",\n       \"symbol\": \"amzn\",\n       \"price\": \"37.77441226157566944721111212857067584991455078125\",\n       \"total\": \"9556.926302178644370144411369\"\n    },\n    {\n       \"date\": {\"$date\": 1022112000000},\n       \"amount\": 4521,\n       \"transaction_code\": \"buy\",\n       \"symbol\": \"nvda\",\n       \"price\": \"10.763069758141103449133879621513187885284423828125\",\n       \"total\": \"48659.83837655592869353426977\"\n    },\n    {\n       \"date\": {\"$date\": 936144000000},\n       \"amount\": 955,\n       \"transaction_code\": \"buy\",\n       \"symbol\": \"csco\",\n       \"price\": \"27.992136535152877030441231909207999706268310546875\",\n       \"total\": \"26732.49039107099756407137647\"\n    }\n  ]\n}\n```",
  "codeBlocks": [
    {
      "language": "json",
      "content": "{\n  \"account_id\": 794875,\n  \"transaction_count\": 6,\n  \"bucket_start_date\": {\"$date\": 693792000000},\n  \"bucket_end_date\": {\"$date\": 1473120000000},\n  \"transactions\": [\n    {\n      \"date\": {\"$date\": 1325030400000},\n      \"amount\": 1197,\n      \"transaction_code\": \"buy\",\n      \"symbol\": \"nvda\",\n      \"price\": \"12.7330024299341033611199236474931240081787109375\",\n      \"total\": \"15241.40390863112172326054861\"\n    },\n    {\n       \"date\": {\"$date\": 1465776000000},\n       \"amount\": 8797,\n       \"transaction_code\": \"buy\",\n       \"symbol\": \"nvda\",\n       \"price\": \"46.53873172406391489630550495348870754241943359375\",\n       \"total\": \"409401.2229765902593427995271\"\n    },\n    {\n       \"date\": {\"$date\": 1472601600000},\n       \"amount\": 6146,\n       \"transaction_code\": \"sell\",\n       \"symbol\": \"ebay\",\n       \"price\": \"32.11600884852845894101847079582512378692626953125\",\n       \"total\": \"197384.9903830559086514995215\"\n    },\n    {\n       \"date\": {\"$date\": 1101081600000},\n       \"amount\": 253,\n       \"transaction_code\": \"buy\",\n       \"symbol\": \"amzn\",\n       \"price\": \"37.77441226157566944721111212857067584991455078125\",\n       \"total\": \"9556.926302178644370144411369\"\n    },\n    {\n       \"date\": {\"$date\": 1022112000000},\n       \"amount\": 4521,\n       \"transaction_code\": \"buy\",\n       \"symbol\": \"nvda\",\n       \"price\": \"10.763069758141103449133879621513187885284423828125\",\n       \"total\": \"48659.83837655592869353426977\"\n    },\n    {\n       \"date\": {\"$date\": 936144000000},\n       \"amount\": 955,\n       \"transaction_code\": \"buy\",\n       \"symbol\": \"csco\",\n       \"price\": \"27.992136535152877030441231909207999706268310546875\",\n       \"total\": \"26732.49039107099756407137647\"\n    }\n  ]\n}",
      "tokenEstimate": 560
    }
  ]
}
